"Why is a newline in a triple-quotation string in F# not the same as Environment.NewLine?","Dabo","03-10-2021 00:44:09 +00:00"
"Why use references in this scenario, in F#","Thomas","02-10-2021 15:08:03 +00:00"
"Azure Function: Event Grid Output Binding Throwing InvalidOperationException: 'Can't convert from type 'Azure.Messaging.EventGrid.EventGridEvent","Adam_Kimberley","01-10-2021 15:18:16 +00:00"
"Instantiating ServiceBusClient results in NotImplementedException","Scott Nimrod","26-09-2021 13:57:29 +00:00"
"Why isn't F# Interactive displaying line of code after ""send selection to F# Interactive"" is clicked?","Shaina Sweeney","30-09-2021 22:00:03 +00:00"
"How do I pass optional arguments in extension methods?","sdgfsdh","01-10-2021 09:19:02 +00:00"
"Why doesn't Thread.Sleep register in Stopwatch?","CarbonFlambe","30-09-2021 01:41:09 +00:00"
"JSON deserialization: input DateTime? to output Option<DateTime>","Piotr Justyna","28-09-2021 13:56:09 +00:00"
"How to test F# option types with xUnit","netazoid","14-08-2019 08:57:06 +00:00"
"Converting Spectre.Console's Introduction example to F#","Kurt Mueller","28-09-2021 14:26:40 +00:00"
"How to create dotNet 6 self installing service?","johanemeralddoeoe","25-09-2021 17:05:50 +00:00"
"Calculating a moving average in F#","Benjol","17-11-2008 11:12:20 +00:00"
"Migrating to paket: use Windows only","Alojzy Leszcz","23-09-2021 22:20:59 +00:00"
"F# Serialization of Record types","Alex","27-10-2010 15:30:35 +00:00"
"Best way to get alphanumeric string by incrementing","DimitrisMel","25-09-2021 07:11:30 +00:00"
"Module with shared state","fiji3300","26-09-2021 22:04:07 +00:00"
"Decorate an F# sequence with (simple) computed state for each element","Stephen Hosking","24-09-2021 10:37:49 +00:00"
"F# - Dependencies management","Bremewoord","25-09-2021 09:19:23 +00:00"
"How to print a table fsharp - in columns and rows?","Caroline Maina","29-09-2017 09:41:06 +00:00"
"Discriminating unions between remote actors in F# Akka.Net","Jayachandra","25-09-2021 04:34:21 +00:00"
"Why there is no F# immutable arrays?","geeko","29-08-2021 11:40:25 +00:00"
"fsharp.charting.gsk System.IO.FileNotFoundException when running in mono","Jon","10-09-2021 11:56:13 +00:00"
"F# Match is failing type comparison between 'T list' vs ''a list -> 'b list'","Matt Austin","24-09-2021 13:36:45 +00:00"
"WMI Remote Process Cannot Query Parent (Access Denied)","Aaron M. Eshbach","23-09-2021 18:07:39 +00:00"
"Is it possible to create a C# record with a private constructor?","JakobFerdinand","22-09-2021 12:10:56 +00:00"
"F# Command Line Interactive Repl","Mateja Petrovic","14-09-2018 12:10:40 +00:00"
"In F#, how to get head/tail of a seq without re-evaluating the seq","Molochdaa","17-08-2018 17:02:20 +00:00"
"Does Protobuf support Tuples?","tobiasholmdk","22-09-2021 11:50:28 +00:00"
"F# FSharp.Data.SqlClient not recognizing multiple return tables from Stored Procedure","Matthew Crews","10-01-2017 05:38:11 +00:00"
"F# query: find rows with max value in each group","Alojzy Leszcz","21-09-2021 14:45:26 +00:00"
